{
  "weights": [
    {
      "row": 3,
      "col": 2,
      "matrox": [
        [
          15.885513581389606,
          0.7667005407109114
        ],
        [
          0.43409701340300316,
          72.78614904679634
        ],
        [
          69.51637129810041,
          -0.4385791967131273
        ]
      ]
    },
    {
      "row": 4,
      "col": 3,
      "matrox": [
        [
          -2.024750126743818,
          -8.977999126993902,
          -7.993843757846176
        ],
        [
          -0.3889932446917276,
          -8.342906808199288,
          8.61904725237238
        ],
        [
          -3.0093518097470455,
          8.51280697874722,
          -8.21904599573391
        ],
        [
          -0.6746516512183376,
          7.525201271268555,
          8.2829819846098
        ]
      ]
    }
  ],
  "biases": [
    {
      "row": 3,
      "col": 1,
      "matrox": [
        [
          -9.879550474694895
        ],
        [
          -36.889669851430924
        ],
        [
          -33.72015652644885
        ]
      ]
    },
    {
      "row": 4,
      "col": 1,
      "matrox": [
        [
          4.453861763519529
        ],
        [
          -4.283736648122462
        ],
        [
          -3.96977445931556
        ],
        [
          -11.041127686436473
        ]
      ]
    }
  ],
  "Activations": [
    "sigmoid",
    "sigmoid"
  ]
}
